{"cameraMode":{"drawMode":0,"name":"Shaded","section":"Shading Mode"},"sceneLighting":false,"audioPlay":false,"sceneViewState":{"m_AlwaysRefresh":false,"showFog":true,"showSkybox":false,"showFlares":true,"showImageEffects":true,"showParticleSystems":true,"showVisualEffectGraphs":true,"m_FxEnabled":true},"in2DMode":false,"pivot":{"x":0.013043403625488282,"y":2.316272258758545,"z":2.7945804595947267},"rotation":{"x":0.2259189784526825,"y":0.3919505178928375,"z":-0.09991209954023361,"w":0.8862420916557312},"size":8.044685363769532,"orthographic":false}