{"cameraMode":{"drawMode":0,"name":"Shaded","section":"Shading Mode"},"sceneLighting":true,"audioPlay":false,"sceneViewState":{"m_AlwaysRefresh":false,"showFog":true,"showSkybox":true,"showFlares":true,"showImageEffects":true,"showParticleSystems":true,"showVisualEffectGraphs":true,"m_FxEnabled":true},"in2DMode":false,"pivot":{"x":-121.12860870361328,"y":-101.09583282470703,"z":111.60458374023438},"rotation":{"x":0.009544848464429379,"y":0.9704229831695557,"z":-0.23784495890140534,"w":0.043769992887973788},"size":9.969465255737305,"orthographic":false}