{"cameraMode":{"drawMode":0,"name":"Shaded","section":"Shading Mode"},"sceneLighting":false,"audioPlay":false,"sceneViewState":{"m_AlwaysRefresh":false,"showFog":true,"showSkybox":false,"showFlares":true,"showImageEffects":true,"showParticleSystems":true,"showVisualEffectGraphs":true,"m_FxEnabled":true},"in2DMode":false,"pivot":{"x":0.5947020053863525,"y":-2.9740235805511476,"z":-4.022505760192871},"rotation":{"x":0.03294464573264122,"y":0.9490399360656738,"z":-0.29408034682273867,"w":0.10982120782136917},"size":5.3495001792907719,"orthographic":false}