{"cameraMode":{"drawMode":0,"name":"Shaded","section":"Shading Mode"},"sceneLighting":false,"audioPlay":false,"sceneViewState":{"showFog":true,"showMaterialUpdate":false,"showSkybox":false,"showFlares":true,"showImageEffects":true,"showParticleSystems":true,"showVisualEffectGraphs":true,"m_FxEnabled":true},"in2DMode":false,"pivot":{"x":20.663368225097658,"y":1.2699999809265137,"z":73.24143981933594},"rotation":{"x":-0.05664006620645523,"y":0.33475151658058169,"z":0.04221457615494728,"w":0.9396617412567139},"size":0.7099531292915344,"orthographic":false}