{"cameraMode":{"drawMode":0,"name":"Shaded","section":"Shading Mode"},"sceneLighting":false,"audioPlay":false,"sceneViewState":{"m_AlwaysRefresh":false,"showFog":true,"showSkybox":false,"showFlares":true,"showImageEffects":true,"showParticleSystems":true,"showVisualEffectGraphs":true,"m_FxEnabled":true},"in2DMode":false,"pivot":{"x":-5.960464477539063e-8,"y":-0.0000032335519790649416,"z":1.6999969482421876},"rotation":{"x":-0.09635017067193985,"y":-0.9039881825447083,"z":0.27712440490722659,"w":-0.3117966055870056},"size":0.8660253882408142,"orthographic":false}