{"cameraMode":{"drawMode":0,"name":"Shaded","section":"Shading Mode"},"sceneLighting":false,"audioPlay":false,"sceneViewState":{"m_AlwaysRefresh":false,"showFog":true,"showSkybox":false,"showFlares":true,"showImageEffects":true,"showParticleSystems":true,"showVisualEffectGraphs":true,"m_FxEnabled":true},"in2DMode":false,"pivot":{"x":-0.05328845977783203,"y":-2.0787298679351808,"z":-3.1170620918273927},"rotation":{"x":-0.0068718381226062778,"y":0.9903752207756043,"z":-0.1256074160337448,"w":-0.061016134917736056},"size":4.163339138031006,"orthographic":false}