{"cameraMode":{"drawMode":0,"name":"Shaded","section":"Shading Mode"},"sceneLighting":false,"audioPlay":false,"sceneViewState":{"m_AlwaysRefresh":false,"showFog":true,"showSkybox":false,"showFlares":true,"showImageEffects":true,"showParticleSystems":true,"showVisualEffectGraphs":true,"m_FxEnabled":true},"in2DMode":false,"pivot":{"x":0.6126757264137268,"y":2.1225979328155519,"z":-0.9359017610549927},"rotation":{"x":-0.11955294758081436,"y":0.8585328459739685,"z":-0.23344969749450684,"w":-0.4412960410118103},"size":2.4314663410186769,"orthographic":false}