{"cameraMode":{"drawMode":0,"name":"Shaded","section":"Shading Mode"},"sceneLighting":false,"audioPlay":false,"sceneViewState":{"m_AlwaysRefresh":false,"showFog":true,"showSkybox":false,"showFlares":true,"showImageEffects":true,"showParticleSystems":true,"showVisualEffectGraphs":true,"m_FxEnabled":true},"in2DMode":false,"pivot":{"x":-3.9352283477783205,"y":-5.579963207244873,"z":-13.327516555786133},"rotation":{"x":0.024527883157134057,"y":0.9534339904785156,"z":-0.28731074929237368,"w":0.09295540302991867},"size":0.8660253882408142,"orthographic":false}