{"cameraMode":{"drawMode":0,"name":"Shaded","section":"Shading Mode"},"sceneLighting":false,"audioPlay":false,"sceneViewState":{"m_AlwaysRefresh":false,"showFog":true,"showSkybox":false,"showFlares":true,"showImageEffects":true,"showParticleSystems":true,"showVisualEffectGraphs":true,"m_FxEnabled":true},"in2DMode":false,"pivot":{"x":0.017871946096420289,"y":0.06201842427253723,"z":-0.01585918664932251},"rotation":{"x":0.2723996341228485,"y":0.12031683325767517,"z":-0.03318670019507408,"w":0.9543325901031494},"size":0.7036238312721252,"orthographic":false}