{"cameraMode":{"drawMode":0,"name":"Shaded","section":"Shading Mode"},"sceneLighting":false,"audioPlay":false,"sceneViewState":{"m_AlwaysRefresh":false,"showFog":true,"showSkybox":false,"showFlares":true,"showImageEffects":true,"showParticleSystems":true,"showVisualEffectGraphs":true,"m_FxEnabled":true},"in2DMode":false,"pivot":{"x":0.5000002384185791,"y":0.5000011324882507,"z":5.960464477539063e-8},"rotation":{"x":-0.31146010756492617,"y":-0.08163876831531525,"z":0.026049964129924775,"w":-0.94661945104599},"size":1.1704248189926148,"orthographic":false}