{"cameraMode":{"drawMode":0,"name":"Shaded","section":"Shading Mode"},"sceneLighting":false,"audioPlay":false,"sceneViewState":{"m_AlwaysRefresh":false,"showFog":true,"showSkybox":false,"showFlares":true,"showImageEffects":true,"showParticleSystems":true,"showVisualEffectGraphs":true,"m_FxEnabled":true},"in2DMode":false,"pivot":{"x":-3.3546955585479738,"y":-1.1162669658660889,"z":2.9168946743011476},"rotation":{"x":0.16563735902309419,"y":0.21122248470783235,"z":-0.03635537251830101,"w":0.9626370072364807},"size":1.868457317352295,"orthographic":false}